{"count": {"twilight sparkle": 4745, "applejack": 2748, "rarity": 2660, "pinkie pie": 2833, "rainbow dash": 3072, "fluttershy": 2109}, "verbosity": {"twilight sparkle": 0.1287338234895141, "applejack": 0.07455438291869014, "rarity": 0.07216690631867387, "pinkie pie": 0.07686046827097859, "rainbow dash": 0.08334463767329553, "fluttershy": 0.05721804715266285}}